KA03W,30-30-00.0000N,104-00-00.0000W
KA06W,31-00-00.0000N,104-00-00.0000W
KA09Q,31-30-00.0000N,110-00-00.0000W
KA09U,31-30-00.0000N,106-00-00.0000W
KA09W,31-30-00.0000N,104-00-00.0000W
KA12O,32-00-00.0000N,112-00-00.0000W
KA12Q,32-00-00.0000N,110-00-00.0000W
KA12S,32-00-00.0000N,108-00-00.0000W
KA12U,32-00-00.0000N,106-00-00.0000W
KA12W,32-00-00.0000N,104-00-00.0000W
KA15O,32-30-00.0000N,112-00-00.0000W
KA15Q,32-30-00.0000N,110-00-00.0000W
KA15S,32-30-00.0000N,108-00-00.0000W
KA15U,32-30-00.0000N,106-00-00.0000W
KA15W,32-30-00.0000N,104-00-00.0000W
KA18M,33-00-00.0000N,114-00-00.0000W
KA18O,33-00-00.0000N,112-00-00.0000W
KA18Q,33-00-00.0000N,110-00-00.0000W
KA18S,33-00-00.0000N,108-00-00.0000W
KA18U,33-00-00.0000N,106-00-00.0000W
KA18W,33-00-00.0000N,104-00-00.0000W
KA21M,33-30-00.0000N,114-00-00.0000W
KA21O,33-30-00.0000N,112-00-00.0000W
KA21Q,33-30-00.0000N,110-00-00.0000W
KA21S,33-30-00.0000N,108-00-00.0000W
KA21U,33-30-00.0000N,106-00-00.0000W
KA21W,33-30-00.0000N,104-00-00.0000W
KA24M,34-00-00.0000N,114-00-00.0000W
KA24O,34-00-00.0000N,112-00-00.0000W
KA24Q,34-00-00.0000N,110-00-00.0000W
KA24S,34-00-00.0000N,108-00-00.0000W
KA24U,34-00-00.0000N,106-00-00.0000W
KA24W,34-00-00.0000N,104-00-00.0000W
KA27M,34-30-00.0000N,114-00-00.0000W
KA27O,34-30-00.0000N,112-00-00.0000W
KA27Q,34-30-00.0000N,110-00-00.0000W
KA27S,34-30-00.0000N,108-00-00.0000W
KA27U,34-30-00.0000N,106-00-00.0000W
KA27W,34-30-00.0000N,104-00-00.0000W
KA30O,35-00-00.0000N,112-00-00.0000W
KA30Q,35-00-00.0000N,110-00-00.0000W
KA30S,35-00-00.0000N,108-00-00.0000W
KA30U,35-00-00.0000N,106-00-00.0000W
KA30W,35-00-00.0000N,104-00-00.0000W
KA30Y,35-00-00.0000N,102-00-00.0000W
KA33Q,35-30-00.0000N,110-00-00.0000W
KA33S,35-30-00.0000N,108-00-00.0000W
KA33U,35-30-00.0000N,106-00-00.0000W
KA33W,35-30-00.0000N,104-00-00.0000W
KA33Y,35-30-00.0000N,102-00-00.0000W
KA36S,36-00-00.0000N,108-00-00.0000W
KA36U,36-00-00.0000N,106-00-00.0000W
KA36W,36-00-00.0000N,104-00-00.0000W
KA36Y,36-00-00.0000N,102-00-00.0000W
KA39U,36-30-00.0000N,106-00-00.0000W
KA39W,36-30-00.0000N,104-00-00.0000W
KA39Y,36-30-00.0000N,102-00-00.0000W
KA42W,37-00-00.0000N,104-00-00.0000W
KA87W,29-30-00.0000N,104-00-00.0000W
KA90W,30-00-00.0000N,104-00-00.0000W
KB03E,45-30-00.0000N,070-00-00.0000W
KB03G,45-30-00.0000N,068-00-00.0000W
KB06E,46-00-00.0000N,070-00-00.0000W
KB06G,46-00-00.0000N,068-00-00.0000W
KB09E,46-30-00.0000N,070-00-00.0000W
KB09G,46-30-00.0000N,068-00-00.0000W
KB12G,47-00-00.0000N,068-00-00.0000W
KB63C,40-30-00.0000N,072-00-00.0000W
KB66C,41-00-00.0000N,072-00-00.0000W
KB66E,41-00-00.0000N,070-00-00.0000W
KB69A,41-30-00.0000N,074-00-00.0000W
KB69C,41-30-00.0000N,072-00-00.0000W
KB69E,41-30-00.0000N,070-00-00.0000W
KB69G,41-30-00.0000N,068-00-00.0000W
KB72A,42-00-00.0000N,074-00-00.0000W
KB72C,42-00-00.0000N,072-00-00.0000W
KB72E,42-00-00.0000N,070-00-00.0000W
KB72G,42-00-00.0000N,068-00-00.0000W
KB75A,42-30-00.0000N,074-00-00.0000W
KB75C,42-30-00.0000N,072-00-00.0000W
KB75E,42-30-00.0000N,070-00-00.0000W
KB75G,42-30-00.0000N,068-00-00.0000W
KB75Y,42-30-00.0000N,076-00-00.0000W
KB78A,43-00-00.0000N,074-00-00.0000W
KB78C,43-00-00.0000N,072-00-00.0000W
KB78E,43-00-00.0000N,070-00-00.0000W
KB78G,43-00-00.0000N,068-00-00.0000W
KB78Y,43-00-00.0000N,076-00-00.0000W
KB81A,43-30-00.0000N,074-00-00.0000W
KB81C,43-30-00.0000N,072-00-00.0000W
KB81E,43-30-00.0000N,070-00-00.0000W
KB81G,43-30-00.0000N,068-00-00.0000W
KB81Y,43-30-00.0000N,076-00-00.0000W
KB84A,44-00-00.0000N,074-00-00.0000W
KB84C,44-00-00.0000N,072-00-00.0000W
KB84E,44-00-00.0000N,070-00-00.0000W
KB84G,44-00-00.0000N,068-00-00.0000W
KB84Y,44-00-00.0000N,076-00-00.0000W
KB87A,44-30-00.0000N,074-00-00.0000W
KB87C,44-30-00.0000N,072-00-00.0000W
KB87E,44-30-00.0000N,070-00-00.0000W
KB87G,44-30-00.0000N,068-00-00.0000W
KB90C,45-00-00.0000N,072-00-00.0000W
KB90E,45-00-00.0000N,070-00-00.0000W
KB90G,45-00-00.0000N,068-00-00.0000W
KC57U,39-30-00.0000N,080-00-00.0000W
KC60U,40-00-00.0000N,080-00-00.0000W
KC60W,40-00-00.0000N,078-00-00.0000W
KC63U,40-30-00.0000N,080-00-00.0000W
KC63W,40-30-00.0000N,078-00-00.0000W
KC66Q,41-00-00.0000N,084-00-00.0000W
KC66S,41-00-00.0000N,082-00-00.0000W
KC66U,41-00-00.0000N,080-00-00.0000W
KC69Q,41-30-00.0000N,084-00-00.0000W
KC69S,41-30-00.0000N,082-00-00.0000W
KC69U,41-30-00.0000N,080-00-00.0000W
KC69W,41-30-00.0000N,078-00-00.0000W
KC72Q,42-00-00.0000N,084-00-00.0000W
KC72U,42-00-00.0000N,080-00-00.0000W
KC72W,42-00-00.0000N,078-00-00.0000W
KC75Q,42-30-00.0000N,084-00-00.0000W
KC75W,42-30-00.0000N,078-00-00.0000W
KC78Q,43-00-00.0000N,084-00-00.0000W
KC78W,43-00-00.0000N,078-00-00.0000W
KC81Q,43-30-00.0000N,084-00-00.0000W
KC81W,43-30-00.0000N,078-00-00.0000W
KD36Q,36-00-00.0000N,110-00-00.0000W
KD39Q,36-30-00.0000N,110-00-00.0000W
KD39S,36-30-00.0000N,108-00-00.0000W
KD42Q,37-00-00.0000N,110-00-00.0000W
KD42S,37-00-00.0000N,108-00-00.0000W
KD42U,37-00-00.0000N,106-00-00.0000W
KD45Q,37-30-00.0000N,110-00-00.0000W
KD45S,37-30-00.0000N,108-00-00.0000W
KD45U,37-30-00.0000N,106-00-00.0000W
KD45W,37-30-00.0000N,104-00-00.0000W
KD48Q,38-00-00.0000N,110-00-00.0000W
KD48S,38-00-00.0000N,108-00-00.0000W
KD48U,38-00-00.0000N,106-00-00.0000W
KD48W,38-00-00.0000N,104-00-00.0000W
KD48Y,38-00-00.0000N,102-00-00.0000W
KD51S,38-30-00.0000N,108-00-00.0000W
KD51U,38-30-00.0000N,106-00-00.0000W
KD51W,38-30-00.0000N,104-00-00.0000W
KD51Y,38-30-00.0000N,102-00-00.0000W
KD54A,39-00-00.0000N,100-00-00.0000W
KD54S,39-00-00.0000N,108-00-00.0000W
KD54U,39-00-00.0000N,106-00-00.0000W
KD54W,39-00-00.0000N,104-00-00.0000W
KD54Y,39-00-00.0000N,102-00-00.0000W
KD57A,39-30-00.0000N,100-00-00.0000W
KD57Q,39-30-00.0000N,110-00-00.0000W
KD57S,39-30-00.0000N,108-00-00.0000W
KD57U,39-30-00.0000N,106-00-00.0000W
KD57W,39-30-00.0000N,104-00-00.0000W
KD57Y,39-30-00.0000N,102-00-00.0000W
KD60A,40-00-00.0000N,100-00-00.0000W
KD60S,40-00-00.0000N,108-00-00.0000W
KD60U,40-00-00.0000N,106-00-00.0000W
KD60W,40-00-00.0000N,104-00-00.0000W
KD60Y,40-00-00.0000N,102-00-00.0000W
KD63A,40-30-00.0000N,100-00-00.0000W
KD63S,40-30-00.0000N,108-00-00.0000W
KD63U,40-30-00.0000N,106-00-00.0000W
KD63W,40-30-00.0000N,104-00-00.0000W
KD63Y,40-30-00.0000N,102-00-00.0000W
KD66A,41-00-00.0000N,100-00-00.0000W
KD66S,41-00-00.0000N,108-00-00.0000W
KD66U,41-00-00.0000N,106-00-00.0000W
KD66W,41-00-00.0000N,104-00-00.0000W
KD66Y,41-00-00.0000N,102-00-00.0000W
KD69A,41-30-00.0000N,100-00-00.0000W
KD69S,41-30-00.0000N,108-00-00.0000W
KD69U,41-30-00.0000N,106-00-00.0000W
KD69W,41-30-00.0000N,104-00-00.0000W
KD69Y,41-30-00.0000N,102-00-00.0000W
KD72A,42-00-00.0000N,100-00-00.0000W
KD72U,42-00-00.0000N,106-00-00.0000W
KD72W,42-00-00.0000N,104-00-00.0000W
KD72Y,42-00-00.0000N,102-00-00.0000W
KD75A,42-30-00.0000N,100-00-00.0000W
KD75U,42-30-00.0000N,106-00-00.0000W
KD75W,42-30-00.0000N,104-00-00.0000W
KD75Y,42-30-00.0000N,102-00-00.0000W
KD78A,43-00-00.0000N,100-00-00.0000W
KD78U,43-00-00.0000N,106-00-00.0000W
KD78W,43-00-00.0000N,104-00-00.0000W
KD78Y,43-00-00.0000N,102-00-00.0000W
KD81U,43-30-00.0000N,106-00-00.0000W
KD81W,43-30-00.0000N,104-00-00.0000W
KD81Y,43-30-00.0000N,102-00-00.0000W
KD84U,44-00-00.0000N,106-00-00.0000W
KD84W,44-00-00.0000N,104-00-00.0000W
KD84Y,44-00-00.0000N,102-00-00.0000W
KD87U,44-30-00.0000N,106-00-00.0000W
KD87W,44-30-00.0000N,104-00-00.0000W
KD87Y,44-30-00.0000N,102-00-00.0000W
KD90U,45-00-00.0000N,106-00-00.0000W
KD90W,45-00-00.0000N,104-00-00.0000W
KF09A,31-30-00.0000N,100-00-00.0000W
KF09C,31-30-00.0000N,098-00-00.0000W
KF09E,31-30-00.0000N,096-00-00.0000W
KF09Y,31-30-00.0000N,102-00-00.0000W
KF12A,32-00-00.0000N,100-00-00.0000W
KF12C,32-00-00.0000N,098-00-00.0000W
KF12E,32-00-00.0000N,096-00-00.0000W
KF12G,32-00-00.0000N,094-00-00.0000W
KF12Y,32-00-00.0000N,102-00-00.0000W
KF15A,32-30-00.0000N,100-00-00.0000W
KF15C,32-30-00.0000N,098-00-00.0000W
KF15E,32-30-00.0000N,096-00-00.0000W
KF15G,32-30-00.0000N,094-00-00.0000W
KF15I,32-30-00.0000N,092-00-00.0000W
KF15Y,32-30-00.0000N,102-00-00.0000W
KF18A,33-00-00.0000N,100-00-00.0000W
KF18C,33-00-00.0000N,098-00-00.0000W
KF18E,33-00-00.0000N,096-00-00.0000W
KF18G,33-00-00.0000N,094-00-00.0000W
KF18I,33-00-00.0000N,092-00-00.0000W
KF18Y,33-00-00.0000N,102-00-00.0000W
KF21A,33-30-00.0000N,100-00-00.0000W
KF21C,33-30-00.0000N,098-00-00.0000W
KF21E,33-30-00.0000N,096-00-00.0000W
KF21G,33-30-00.0000N,094-00-00.0000W
KF21Y,33-30-00.0000N,102-00-00.0000W
KF24A,34-00-00.0000N,100-00-00.0000W
KF24C,34-00-00.0000N,098-00-00.0000W
KF24E,34-00-00.0000N,096-00-00.0000W
KF24G,34-00-00.0000N,094-00-00.0000W
KF24Y,34-00-00.0000N,102-00-00.0000W
KF27A,34-30-00.0000N,100-00-00.0000W
KF27C,34-30-00.0000N,098-00-00.0000W
KF27E,34-30-00.0000N,096-00-00.0000W
KF27Y,34-30-00.0000N,102-00-00.0000W
KF30A,35-00-00.0000N,100-00-00.0000W
KF30C,35-00-00.0000N,098-00-00.0000W
KF30E,35-00-00.0000N,096-00-00.0000W
KF33A,35-30-00.0000N,100-00-00.0000W
KF33C,35-30-00.0000N,098-00-00.0000W
KF33E,35-30-00.0000N,096-00-00.0000W
KG63K,40-30-00.0000N,090-00-00.0000W
KG63M,40-30-00.0000N,088-00-00.0000W
KG63O,40-30-00.0000N,086-00-00.0000W
KG66I,41-00-00.0000N,092-00-00.0000W
KG66K,41-00-00.0000N,090-00-00.0000W
KG66M,41-00-00.0000N,088-00-00.0000W
KG66O,41-00-00.0000N,086-00-00.0000W
KG69I,41-30-00.0000N,092-00-00.0000W
KG69K,41-30-00.0000N,090-00-00.0000W
KG69M,41-30-00.0000N,088-00-00.0000W
KG69O,41-30-00.0000N,086-00-00.0000W
KG72I,42-00-00.0000N,092-00-00.0000W
KG72K,42-00-00.0000N,090-00-00.0000W
KG72M,42-00-00.0000N,088-00-00.0000W
KG72O,42-00-00.0000N,086-00-00.0000W
KG75I,42-30-00.0000N,092-00-00.0000W
KG75K,42-30-00.0000N,090-00-00.0000W
KG75M,42-30-00.0000N,088-00-00.0000W
KG75O,42-30-00.0000N,086-00-00.0000W
KG78K,43-00-00.0000N,090-00-00.0000W
KG78M,43-00-00.0000N,088-00-00.0000W
KG78O,43-00-00.0000N,086-00-00.0000W
KG81K,43-30-00.0000N,090-00-00.0000W
KG81M,43-30-00.0000N,088-00-00.0000W
KG81O,43-30-00.0000N,086-00-00.0000W
KG84K,44-00-00.0000N,090-00-00.0000W
KG84M,44-00-00.0000N,088-00-00.0000W
KH03A,30-30-00.0000N,100-00-00.0000W
KH03C,30-30-00.0000N,098-00-00.0000W
KH03E,30-30-00.0000N,096-00-00.0000W
KH03G,30-30-00.0000N,094-00-00.0000W
KH03I,30-30-00.0000N,092-00-00.0000W
KH03K,30-30-00.0000N,090-00-00.0000W
KH03M,30-30-00.0000N,088-00-00.0000W
KH03Y,30-30-00.0000N,102-00-00.0000W
KH06A,31-00-00.0000N,100-00-00.0000W
KH06C,31-00-00.0000N,098-00-00.0000W
KH06E,31-00-00.0000N,096-00-00.0000W
KH06G,31-00-00.0000N,094-00-00.0000W
KH06I,31-00-00.0000N,092-00-00.0000W
KH06K,31-00-00.0000N,090-00-00.0000W
KH06M,31-00-00.0000N,088-00-00.0000W
KH06Y,31-00-00.0000N,102-00-00.0000W
KH09G,31-30-00.0000N,094-00-00.0000W
KH09I,31-30-00.0000N,092-00-00.0000W
KH09K,31-30-00.0000N,090-00-00.0000W
KH09M,31-30-00.0000N,088-00-00.0000W
KH12I,32-00-00.0000N,092-00-00.0000W
KH69C,26-30-00.0000N,098-00-00.0000W
KH72C,27-00-00.0000N,098-00-00.0000W
KH72E,27-00-00.0000N,096-00-00.0000W
KH75C,27-30-00.0000N,098-00-00.0000W
KH75E,27-30-00.0000N,096-00-00.0000W
KH78C,28-00-00.0000N,098-00-00.0000W
KH78E,28-00-00.0000N,096-00-00.0000W
KH81A,28-30-00.0000N,100-00-00.0000W
KH81C,28-30-00.0000N,098-00-00.0000W
KH81E,28-30-00.0000N,096-00-00.0000W
KH84A,29-00-00.0000N,100-00-00.0000W
KH84C,29-00-00.0000N,098-00-00.0000W
KH84E,29-00-00.0000N,096-00-00.0000W
KH84G,29-00-00.0000N,094-00-00.0000W
KH84I,29-00-00.0000N,092-00-00.0000W
KH84K,29-00-00.0000N,090-00-00.0000W
KH87A,29-30-00.0000N,100-00-00.0000W
KH87C,29-30-00.0000N,098-00-00.0000W
KH87E,29-30-00.0000N,096-00-00.0000W
KH87G,29-30-00.0000N,094-00-00.0000W
KH87I,29-30-00.0000N,092-00-00.0000W
KH87K,29-30-00.0000N,090-00-00.0000W
KH90A,30-00-00.0000N,100-00-00.0000W
KH90C,30-00-00.0000N,098-00-00.0000W
KH90E,30-00-00.0000N,096-00-00.0000W
KH90G,30-00-00.0000N,094-00-00.0000W
KH90I,30-00-00.0000N,092-00-00.0000W
KH90K,30-00-00.0000N,090-00-00.0000W
KH90Y,30-00-00.0000N,102-00-00.0000W
KI42Q,37-00-00.0000N,084-00-00.0000W
KI45O,37-30-00.0000N,086-00-00.0000W
KI45Q,37-30-00.0000N,084-00-00.0000W
KI45S,37-30-00.0000N,082-00-00.0000W
KI48M,38-00-00.0000N,088-00-00.0000W
KI48O,38-00-00.0000N,086-00-00.0000W
KI48Q,38-00-00.0000N,084-00-00.0000W
KI48S,38-00-00.0000N,082-00-00.0000W
KI51M,38-30-00.0000N,088-00-00.0000W
KI51O,38-30-00.0000N,086-00-00.0000W
KI51Q,38-30-00.0000N,084-00-00.0000W
KI51S,38-30-00.0000N,082-00-00.0000W
KI54M,39-00-00.0000N,088-00-00.0000W
KI54O,39-00-00.0000N,086-00-00.0000W
KI54Q,39-00-00.0000N,084-00-00.0000W
KI54S,39-00-00.0000N,082-00-00.0000W
KI57M,39-30-00.0000N,088-00-00.0000W
KI57O,39-30-00.0000N,086-00-00.0000W
KI57Q,39-30-00.0000N,084-00-00.0000W
KI57S,39-30-00.0000N,082-00-00.0000W
KI60M,40-00-00.0000N,088-00-00.0000W
KI60O,40-00-00.0000N,086-00-00.0000W
KI60Q,40-00-00.0000N,084-00-00.0000W
KI60S,40-00-00.0000N,082-00-00.0000W
KI63Q,40-30-00.0000N,084-00-00.0000W
KI63S,40-30-00.0000N,082-00-00.0000W
KJ03O,30-30-00.0000N,086-00-00.0000W
KJ03Q,30-30-00.0000N,084-00-00.0000W
KJ03S,30-30-00.0000N,082-00-00.0000W
KJ03U,30-30-00.0000N,080-00-00.0000W
KJ03W,30-30-00.0000N,078-00-00.0000W
KJ06O,31-00-00.0000N,086-00-00.0000W
KJ06Q,31-00-00.0000N,084-00-00.0000W
KJ06S,31-00-00.0000N,082-00-00.0000W
KJ06U,31-00-00.0000N,080-00-00.0000W
KJ06W,31-00-00.0000N,078-00-00.0000W
KJ09O,31-30-00.0000N,086-00-00.0000W
KJ09Q,31-30-00.0000N,084-00-00.0000W
KJ09S,31-30-00.0000N,082-00-00.0000W
KJ09U,31-30-00.0000N,080-00-00.0000W
KJ09W,31-30-00.0000N,078-00-00.0000W
KJ12S,32-00-00.0000N,082-00-00.0000W
KJ12U,32-00-00.0000N,080-00-00.0000W
KJ12W,32-00-00.0000N,078-00-00.0000W
KJ15U,32-30-00.0000N,080-00-00.0000W
KJ15W,32-30-00.0000N,078-00-00.0000W
KJ18U,33-00-00.0000N,080-00-00.0000W
KJ18W,33-00-00.0000N,078-00-00.0000W
KJ21U,33-30-00.0000N,080-00-00.0000W
KJ21W,33-30-00.0000N,078-00-00.0000W
KJ24U,34-00-00.0000N,080-00-00.0000W
KJ27U,34-30-00.0000N,080-00-00.0000W
KJ78O,28-00-00.0000N,086-00-00.0000W
KJ81M,28-30-00.0000N,088-00-00.0000W
KJ81O,28-30-00.0000N,086-00-00.0000W
KJ81S,28-30-00.0000N,082-00-00.0000W
KJ84M,29-00-00.0000N,088-00-00.0000W
KJ84O,29-00-00.0000N,086-00-00.0000W
KJ84Q,29-00-00.0000N,084-00-00.0000W
KJ84S,29-00-00.0000N,082-00-00.0000W
KJ87M,29-30-00.0000N,088-00-00.0000W
KJ87O,29-30-00.0000N,086-00-00.0000W
KJ87Q,29-30-00.0000N,084-00-00.0000W
KJ87S,29-30-00.0000N,082-00-00.0000W
KJ87U,29-30-00.0000N,080-00-00.0000W
KJ90M,30-00-00.0000N,088-00-00.0000W
KJ90O,30-00-00.0000N,086-00-00.0000W
KJ90Q,30-00-00.0000N,084-00-00.0000W
KJ90S,30-00-00.0000N,082-00-00.0000W
KJ90U,30-00-00.0000N,080-00-00.0000W
KK36A,36-00-00.0000N,100-00-00.0000W
KK36C,36-00-00.0000N,098-00-00.0000W
KK36E,36-00-00.0000N,096-00-00.0000W
KK39A,36-30-00.0000N,100-00-00.0000W
KK39C,36-30-00.0000N,098-00-00.0000W
KK39E,36-30-00.0000N,096-00-00.0000W
KK42A,37-00-00.0000N,100-00-00.0000W
KK42C,37-00-00.0000N,098-00-00.0000W
KK42E,37-00-00.0000N,096-00-00.0000W
KK42G,37-00-00.0000N,094-00-00.0000W
KK42I,37-00-00.0000N,092-00-00.0000W
KK42Y,37-00-00.0000N,102-00-00.0000W
KK45A,37-30-00.0000N,100-00-00.0000W
KK45C,37-30-00.0000N,098-00-00.0000W
KK45E,37-30-00.0000N,096-00-00.0000W
KK45G,37-30-00.0000N,094-00-00.0000W
KK45I,37-30-00.0000N,092-00-00.0000W
KK45K,37-30-00.0000N,090-00-00.0000W
KK45Y,37-30-00.0000N,102-00-00.0000W
KK48A,38-00-00.0000N,100-00-00.0000W
KK48C,38-00-00.0000N,098-00-00.0000W
KK48E,38-00-00.0000N,096-00-00.0000W
KK48G,38-00-00.0000N,094-00-00.0000W
KK48I,38-00-00.0000N,092-00-00.0000W
KK48K,38-00-00.0000N,090-00-00.0000W
KK51A,38-30-00.0000N,100-00-00.0000W
KK51C,38-30-00.0000N,098-00-00.0000W
KK51E,38-30-00.0000N,096-00-00.0000W
KK51G,38-30-00.0000N,094-00-00.0000W
KK51I,38-30-00.0000N,092-00-00.0000W
KK51K,38-30-00.0000N,090-00-00.0000W
KK54C,39-00-00.0000N,098-00-00.0000W
KK54E,39-00-00.0000N,096-00-00.0000W
KK54G,39-00-00.0000N,094-00-00.0000W
KK54I,39-00-00.0000N,092-00-00.0000W
KK54K,39-00-00.0000N,090-00-00.0000W
KK57C,39-30-00.0000N,098-00-00.0000W
KK57E,39-30-00.0000N,096-00-00.0000W
KK57G,39-30-00.0000N,094-00-00.0000W
KK57I,39-30-00.0000N,092-00-00.0000W
KK57K,39-30-00.0000N,090-00-00.0000W
KK60E,40-00-00.0000N,096-00-00.0000W
KK60G,40-00-00.0000N,094-00-00.0000W
KK60I,40-00-00.0000N,092-00-00.0000W
KK60K,40-00-00.0000N,090-00-00.0000W
KK63I,40-30-00.0000N,092-00-00.0000W
KL09G,31-30-00.0000N,120-00-00.0000W
KL12G,32-00-00.0000N,120-00-00.0000W
KL15G,32-30-00.0000N,120-00-00.0000W
KL15I,32-30-00.0000N,118-00-00.0000W
KL15M,32-30-00.0000N,114-00-00.0000W
KL18E,33-00-00.0000N,122-00-00.0000W
KL18G,33-00-00.0000N,120-00-00.0000W
KL18I,33-00-00.0000N,118-00-00.0000W
KL18K,33-00-00.0000N,116-00-00.0000W
KL21E,33-30-00.0000N,122-00-00.0000W
KL21G,33-30-00.0000N,120-00-00.0000W
KL21I,33-30-00.0000N,118-00-00.0000W
KL21K,33-30-00.0000N,116-00-00.0000W
KL24E,34-00-00.0000N,122-00-00.0000W
KL24G,34-00-00.0000N,120-00-00.0000W
KL24I,34-00-00.0000N,118-00-00.0000W
KL24K,34-00-00.0000N,116-00-00.0000W
KL27E,34-30-00.0000N,122-00-00.0000W
KL27G,34-30-00.0000N,120-00-00.0000W
KL27I,34-30-00.0000N,118-00-00.0000W
KL27K,34-30-00.0000N,116-00-00.0000W
KL30E,35-00-00.0000N,122-00-00.0000W
KL30G,35-00-00.0000N,120-00-00.0000W
KL30I,35-00-00.0000N,118-00-00.0000W
KL30K,35-00-00.0000N,116-00-00.0000W
KL30M,35-00-00.0000N,114-00-00.0000W
KL33G,35-30-00.0000N,120-00-00.0000W
KL33I,35-30-00.0000N,118-00-00.0000W
KL33K,35-30-00.0000N,116-00-00.0000W
KL33M,35-30-00.0000N,114-00-00.0000W
KL33O,35-30-00.0000N,112-00-00.0000W
KL36I,36-00-00.0000N,118-00-00.0000W
KL36K,36-00-00.0000N,116-00-00.0000W
KL36M,36-00-00.0000N,114-00-00.0000W
KL36O,36-00-00.0000N,112-00-00.0000W
KL39I,36-30-00.0000N,118-00-00.0000W
KL39K,36-30-00.0000N,116-00-00.0000W
KL39M,36-30-00.0000N,114-00-00.0000W
KL39O,36-30-00.0000N,112-00-00.0000W
KL42I,37-00-00.0000N,118-00-00.0000W
KL42K,37-00-00.0000N,116-00-00.0000W
KL42M,37-00-00.0000N,114-00-00.0000W
KL42O,37-00-00.0000N,112-00-00.0000W
KL45K,37-30-00.0000N,116-00-00.0000W
KL45M,37-30-00.0000N,114-00-00.0000W
KM12K,32-00-00.0000N,090-00-00.0000W
KM15K,32-30-00.0000N,090-00-00.0000W
KM18K,33-00-00.0000N,090-00-00.0000W
KM18M,33-00-00.0000N,088-00-00.0000W
KM21I,33-30-00.0000N,092-00-00.0000W
KM21K,33-30-00.0000N,090-00-00.0000W
KM21M,33-30-00.0000N,088-00-00.0000W
KM24I,34-00-00.0000N,092-00-00.0000W
KM24K,34-00-00.0000N,090-00-00.0000W
KM24M,34-00-00.0000N,088-00-00.0000W
KM27G,34-30-00.0000N,094-00-00.0000W
KM27I,34-30-00.0000N,092-00-00.0000W
KM27K,34-30-00.0000N,090-00-00.0000W
KM27M,34-30-00.0000N,088-00-00.0000W
KM30G,35-00-00.0000N,094-00-00.0000W
KM30I,35-00-00.0000N,092-00-00.0000W
KM30K,35-00-00.0000N,090-00-00.0000W
KM30M,35-00-00.0000N,088-00-00.0000W
KM33G,35-30-00.0000N,094-00-00.0000W
KM33I,35-30-00.0000N,092-00-00.0000W
KM33K,35-30-00.0000N,090-00-00.0000W
KM33M,35-30-00.0000N,088-00-00.0000W
KM36G,36-00-00.0000N,094-00-00.0000W
KM36I,36-00-00.0000N,092-00-00.0000W
KM36K,36-00-00.0000N,090-00-00.0000W
KM36M,36-00-00.0000N,088-00-00.0000W
KM36O,36-00-00.0000N,086-00-00.0000W
KM39G,36-30-00.0000N,094-00-00.0000W
KM39I,36-30-00.0000N,092-00-00.0000W
KM39K,36-30-00.0000N,090-00-00.0000W
KM39M,36-30-00.0000N,088-00-00.0000W
KM39O,36-30-00.0000N,086-00-00.0000W
KM42K,37-00-00.0000N,090-00-00.0000W
KM42M,37-00-00.0000N,088-00-00.0000W
KM42O,37-00-00.0000N,086-00-00.0000W
KM45M,37-30-00.0000N,088-00-00.0000W
KN45C,37-30-00.0000N,072-00-00.0000W
KN48A,38-00-00.0000N,074-00-00.0000W
KN48C,38-00-00.0000N,072-00-00.0000W
KN51A,38-30-00.0000N,074-00-00.0000W
KN51C,38-30-00.0000N,072-00-00.0000W
KN51E,38-30-00.0000N,070-00-00.0000W
KN54C,39-00-00.0000N,072-00-00.0000W
KN54E,39-00-00.0000N,070-00-00.0000W
KN54G,39-00-00.0000N,068-00-00.0000W
KN57C,39-30-00.0000N,072-00-00.0000W
KN57E,39-30-00.0000N,070-00-00.0000W
KN57G,39-30-00.0000N,068-00-00.0000W
KN60C,40-00-00.0000N,072-00-00.0000W
KN60E,40-00-00.0000N,070-00-00.0000W
KN60G,40-00-00.0000N,068-00-00.0000W
KN60Y,40-00-00.0000N,076-00-00.0000W
KN63A,40-30-00.0000N,074-00-00.0000W
KN63E,40-30-00.0000N,070-00-00.0000W
KN63G,40-30-00.0000N,068-00-00.0000W
KN63Y,40-30-00.0000N,076-00-00.0000W
KN66A,41-00-00.0000N,074-00-00.0000W
KN66G,41-00-00.0000N,068-00-00.0000W
KN66W,41-00-00.0000N,078-00-00.0000W
KN66Y,41-00-00.0000N,076-00-00.0000W
KN69Y,41-30-00.0000N,076-00-00.0000W
KN72Y,42-00-00.0000N,076-00-00.0000W
KO33E,35-30-00.0000N,122-00-00.0000W
KO36A,36-00-00.0000N,126-00-00.0000W
KO36C,36-00-00.0000N,124-00-00.0000W
KO36E,36-00-00.0000N,122-00-00.0000W
KO36G,36-00-00.0000N,120-00-00.0000W
KO39A,36-30-00.0000N,126-00-00.0000W
KO39C,36-30-00.0000N,124-00-00.0000W
KO39E,36-30-00.0000N,122-00-00.0000W
KO39G,36-30-00.0000N,120-00-00.0000W
KO42A,37-00-00.0000N,126-00-00.0000W
KO42C,37-00-00.0000N,124-00-00.0000W
KO42E,37-00-00.0000N,122-00-00.0000W
KO42G,37-00-00.0000N,120-00-00.0000W
KO45A,37-30-00.0000N,126-00-00.0000W
KO45C,37-30-00.0000N,124-00-00.0000W
KO45E,37-30-00.0000N,122-00-00.0000W
KO45G,37-30-00.0000N,120-00-00.0000W
KO45I,37-30-00.0000N,118-00-00.0000W
KO48A,38-00-00.0000N,126-00-00.0000W
KO48C,38-00-00.0000N,124-00-00.0000W
KO48E,38-00-00.0000N,122-00-00.0000W
KO48G,38-00-00.0000N,120-00-00.0000W
KO48I,38-00-00.0000N,118-00-00.0000W
KO51A,38-30-00.0000N,126-00-00.0000W
KO51C,38-30-00.0000N,124-00-00.0000W
KO51E,38-30-00.0000N,122-00-00.0000W
KO51G,38-30-00.0000N,120-00-00.0000W
KO51I,38-30-00.0000N,118-00-00.0000W
KO54A,39-00-00.0000N,126-00-00.0000W
KO54C,39-00-00.0000N,124-00-00.0000W
KO54E,39-00-00.0000N,122-00-00.0000W
KO54G,39-00-00.0000N,120-00-00.0000W
KO54I,39-00-00.0000N,118-00-00.0000W
KO57A,39-30-00.0000N,126-00-00.0000W
KO57C,39-30-00.0000N,124-00-00.0000W
KO57E,39-30-00.0000N,122-00-00.0000W
KO57G,39-30-00.0000N,120-00-00.0000W
KO57I,39-30-00.0000N,118-00-00.0000W
KO60A,40-00-00.0000N,126-00-00.0000W
KO60C,40-00-00.0000N,124-00-00.0000W
KO60E,40-00-00.0000N,122-00-00.0000W
KO60G,40-00-00.0000N,120-00-00.0000W
KO60I,40-00-00.0000N,118-00-00.0000W
KO63A,40-30-00.0000N,126-00-00.0000W
KO63E,40-30-00.0000N,122-00-00.0000W
KO63G,40-30-00.0000N,120-00-00.0000W
KO66E,41-00-00.0000N,122-00-00.0000W
KO66G,41-00-00.0000N,120-00-00.0000W
KP03A,45-30-00.0000N,100-00-00.0000W
KP03C,45-30-00.0000N,098-00-00.0000W
KP03E,45-30-00.0000N,096-00-00.0000W
KP03G,45-30-00.0000N,094-00-00.0000W
KP03I,45-30-00.0000N,092-00-00.0000W
KP03K,45-30-00.0000N,090-00-00.0000W
KP03M,45-30-00.0000N,088-00-00.0000W
KP03O,45-30-00.0000N,086-00-00.0000W
KP03Q,45-30-00.0000N,084-00-00.0000W
KP03Y,45-30-00.0000N,102-00-00.0000W
KP06A,46-00-00.0000N,100-00-00.0000W
KP06C,46-00-00.0000N,098-00-00.0000W
KP06E,46-00-00.0000N,096-00-00.0000W
KP06G,46-00-00.0000N,094-00-00.0000W
KP06I,46-00-00.0000N,092-00-00.0000W
KP06K,46-00-00.0000N,090-00-00.0000W
KP06M,46-00-00.0000N,088-00-00.0000W
KP06O,46-00-00.0000N,086-00-00.0000W
KP06Q,46-00-00.0000N,084-00-00.0000W
KP06Y,46-00-00.0000N,102-00-00.0000W
KP09A,46-30-00.0000N,100-00-00.0000W
KP09C,46-30-00.0000N,098-00-00.0000W
KP09E,46-30-00.0000N,096-00-00.0000W
KP09G,46-30-00.0000N,094-00-00.0000W
KP09I,46-30-00.0000N,092-00-00.0000W
KP09K,46-30-00.0000N,090-00-00.0000W
KP09M,46-30-00.0000N,088-00-00.0000W
KP09O,46-30-00.0000N,086-00-00.0000W
KP09Y,46-30-00.0000N,102-00-00.0000W
KP12A,47-00-00.0000N,100-00-00.0000W
KP12C,47-00-00.0000N,098-00-00.0000W
KP12E,47-00-00.0000N,096-00-00.0000W
KP12G,47-00-00.0000N,094-00-00.0000W
KP12I,47-00-00.0000N,092-00-00.0000W
KP12K,47-00-00.0000N,090-00-00.0000W
KP12M,47-00-00.0000N,088-00-00.0000W
KP12Y,47-00-00.0000N,102-00-00.0000W
KP15A,47-30-00.0000N,100-00-00.0000W
KP15C,47-30-00.0000N,098-00-00.0000W
KP15E,47-30-00.0000N,096-00-00.0000W
KP15G,47-30-00.0000N,094-00-00.0000W
KP15I,47-30-00.0000N,092-00-00.0000W
KP15K,47-30-00.0000N,090-00-00.0000W
KP15M,47-30-00.0000N,088-00-00.0000W
KP15Y,47-30-00.0000N,102-00-00.0000W
KP18A,48-00-00.0000N,100-00-00.0000W
KP18C,48-00-00.0000N,098-00-00.0000W
KP18E,48-00-00.0000N,096-00-00.0000W
KP18G,48-00-00.0000N,094-00-00.0000W
KP18I,48-00-00.0000N,092-00-00.0000W
KP18K,48-00-00.0000N,090-00-00.0000W
KP18Y,48-00-00.0000N,102-00-00.0000W
KP21A,48-30-00.0000N,100-00-00.0000W
KP21C,48-30-00.0000N,098-00-00.0000W
KP21E,48-30-00.0000N,096-00-00.0000W
KP21G,48-30-00.0000N,094-00-00.0000W
KP21Y,48-30-00.0000N,102-00-00.0000W
KP60C,40-00-00.0000N,098-00-00.0000W
KP63C,40-30-00.0000N,098-00-00.0000W
KP63E,40-30-00.0000N,096-00-00.0000W
KP63G,40-30-00.0000N,094-00-00.0000W
KP66C,41-00-00.0000N,098-00-00.0000W
KP66E,41-00-00.0000N,096-00-00.0000W
KP66G,41-00-00.0000N,094-00-00.0000W
KP69C,41-30-00.0000N,098-00-00.0000W
KP69E,41-30-00.0000N,096-00-00.0000W
KP69G,41-30-00.0000N,094-00-00.0000W
KP72C,42-00-00.0000N,098-00-00.0000W
KP72E,42-00-00.0000N,096-00-00.0000W
KP72G,42-00-00.0000N,094-00-00.0000W
KP75C,42-30-00.0000N,098-00-00.0000W
KP75E,42-30-00.0000N,096-00-00.0000W
KP75G,42-30-00.0000N,094-00-00.0000W
KP78C,43-00-00.0000N,098-00-00.0000W
KP78E,43-00-00.0000N,096-00-00.0000W
KP78G,43-00-00.0000N,094-00-00.0000W
KP78I,43-00-00.0000N,092-00-00.0000W
KP81A,43-30-00.0000N,100-00-00.0000W
KP81C,43-30-00.0000N,098-00-00.0000W
KP81E,43-30-00.0000N,096-00-00.0000W
KP81G,43-30-00.0000N,094-00-00.0000W
KP81I,43-30-00.0000N,092-00-00.0000W
KP84A,44-00-00.0000N,100-00-00.0000W
KP84C,44-00-00.0000N,098-00-00.0000W
KP84E,44-00-00.0000N,096-00-00.0000W
KP84G,44-00-00.0000N,094-00-00.0000W
KP84I,44-00-00.0000N,092-00-00.0000W
KP84O,44-00-00.0000N,086-00-00.0000W
KP84Q,44-00-00.0000N,084-00-00.0000W
KP87A,44-30-00.0000N,100-00-00.0000W
KP87C,44-30-00.0000N,098-00-00.0000W
KP87E,44-30-00.0000N,096-00-00.0000W
KP87G,44-30-00.0000N,094-00-00.0000W
KP87I,44-30-00.0000N,092-00-00.0000W
KP87K,44-30-00.0000N,090-00-00.0000W
KP87M,44-30-00.0000N,088-00-00.0000W
KP87O,44-30-00.0000N,086-00-00.0000W
KP87Q,44-30-00.0000N,084-00-00.0000W
KP90A,45-00-00.0000N,100-00-00.0000W
KP90C,45-00-00.0000N,098-00-00.0000W
KP90E,45-00-00.0000N,096-00-00.0000W
KP90G,45-00-00.0000N,094-00-00.0000W
KP90I,45-00-00.0000N,092-00-00.0000W
KP90K,45-00-00.0000N,090-00-00.0000W
KP90M,45-00-00.0000N,088-00-00.0000W
KP90O,45-00-00.0000N,086-00-00.0000W
KP90Q,45-00-00.0000N,084-00-00.0000W
KP90Y,45-00-00.0000N,102-00-00.0000W
KR57S,24-30-00.0000N,082-00-00.0000W
KR57U,24-30-00.0000N,080-00-00.0000W
KR60S,25-00-00.0000N,082-00-00.0000W
KR60U,25-00-00.0000N,080-00-00.0000W
KR63S,25-30-00.0000N,082-00-00.0000W
KR63U,25-30-00.0000N,080-00-00.0000W
KR66S,26-00-00.0000N,082-00-00.0000W
KR66U,26-00-00.0000N,080-00-00.0000W
KR69Q,26-30-00.0000N,084-00-00.0000W
KR69S,26-30-00.0000N,082-00-00.0000W
KR69U,26-30-00.0000N,080-00-00.0000W
KR72Q,27-00-00.0000N,084-00-00.0000W
KR72S,27-00-00.0000N,082-00-00.0000W
KR72U,27-00-00.0000N,080-00-00.0000W
KR75Q,27-30-00.0000N,084-00-00.0000W
KR75S,27-30-00.0000N,082-00-00.0000W
KR75U,27-30-00.0000N,080-00-00.0000W
KR78Q,28-00-00.0000N,084-00-00.0000W
KR78S,28-00-00.0000N,082-00-00.0000W
KR78U,28-00-00.0000N,080-00-00.0000W
KR81Q,28-30-00.0000N,084-00-00.0000W
KR81U,28-30-00.0000N,080-00-00.0000W
KR81W,28-30-00.0000N,078-00-00.0000W
KR84U,29-00-00.0000N,080-00-00.0000W
KR84W,29-00-00.0000N,078-00-00.0000W
KR87W,29-30-00.0000N,078-00-00.0000W
KR90W,30-00-00.0000N,078-00-00.0000W
KS03A,45-30-00.0000N,126-00-00.0000W
KS03C,45-30-00.0000N,124-00-00.0000W
KS03E,45-30-00.0000N,122-00-00.0000W
KS03G,45-30-00.0000N,120-00-00.0000W
KS03I,45-30-00.0000N,118-00-00.0000W
KS03K,45-30-00.0000N,116-00-00.0000W
KS06A,46-00-00.0000N,126-00-00.0000W
KS06C,46-00-00.0000N,124-00-00.0000W
KS06E,46-00-00.0000N,122-00-00.0000W
KS06G,46-00-00.0000N,120-00-00.0000W
KS06I,46-00-00.0000N,118-00-00.0000W
KS06K,46-00-00.0000N,116-00-00.0000W
KS09A,46-30-00.0000N,126-00-00.0000W
KS09C,46-30-00.0000N,124-00-00.0000W
KS09E,46-30-00.0000N,122-00-00.0000W
KS09G,46-30-00.0000N,120-00-00.0000W
KS09I,46-30-00.0000N,118-00-00.0000W
KS09K,46-30-00.0000N,116-00-00.0000W
KS12A,47-00-00.0000N,126-00-00.0000W
KS12C,47-00-00.0000N,124-00-00.0000W
KS12E,47-00-00.0000N,122-00-00.0000W
KS12G,47-00-00.0000N,120-00-00.0000W
KS12I,47-00-00.0000N,118-00-00.0000W
KS12K,47-00-00.0000N,116-00-00.0000W
KS15A,47-30-00.0000N,126-00-00.0000W
KS15C,47-30-00.0000N,124-00-00.0000W
KS15E,47-30-00.0000N,122-00-00.0000W
KS15G,47-30-00.0000N,120-00-00.0000W
KS15I,47-30-00.0000N,118-00-00.0000W
KS15K,47-30-00.0000N,116-00-00.0000W
KS18A,48-00-00.0000N,126-00-00.0000W
KS18C,48-00-00.0000N,124-00-00.0000W
KS18E,48-00-00.0000N,122-00-00.0000W
KS18G,48-00-00.0000N,120-00-00.0000W
KS18I,48-00-00.0000N,118-00-00.0000W
KS18K,48-00-00.0000N,116-00-00.0000W
KS21E,48-30-00.0000N,122-00-00.0000W
KS21G,48-30-00.0000N,120-00-00.0000W
KS21I,48-30-00.0000N,118-00-00.0000W
KS21K,48-30-00.0000N,116-00-00.0000W
KS63C,40-30-00.0000N,124-00-00.0000W
KS66A,41-00-00.0000N,126-00-00.0000W
KS66C,41-00-00.0000N,124-00-00.0000W
KS69A,41-30-00.0000N,126-00-00.0000W
KS69C,41-30-00.0000N,124-00-00.0000W
KS69E,41-30-00.0000N,122-00-00.0000W
KS69G,41-30-00.0000N,120-00-00.0000W
KS72A,42-00-00.0000N,126-00-00.0000W
KS72C,42-00-00.0000N,124-00-00.0000W
KS72E,42-00-00.0000N,122-00-00.0000W
KS72G,42-00-00.0000N,120-00-00.0000W
KS75A,42-30-00.0000N,126-00-00.0000W
KS75C,42-30-00.0000N,124-00-00.0000W
KS75E,42-30-00.0000N,122-00-00.0000W
KS75G,42-30-00.0000N,120-00-00.0000W
KS78A,43-00-00.0000N,126-00-00.0000W
KS78C,43-00-00.0000N,124-00-00.0000W
KS78E,43-00-00.0000N,122-00-00.0000W
KS78G,43-00-00.0000N,120-00-00.0000W
KS81A,43-30-00.0000N,126-00-00.0000W
KS81C,43-30-00.0000N,124-00-00.0000W
KS81E,43-30-00.0000N,122-00-00.0000W
KS81G,43-30-00.0000N,120-00-00.0000W
KS84A,44-00-00.0000N,126-00-00.0000W
KS84C,44-00-00.0000N,124-00-00.0000W
KS84E,44-00-00.0000N,122-00-00.0000W
KS84G,44-00-00.0000N,120-00-00.0000W
KS87A,44-30-00.0000N,126-00-00.0000W
KS87C,44-30-00.0000N,124-00-00.0000W
KS87E,44-30-00.0000N,122-00-00.0000W
KS87G,44-30-00.0000N,120-00-00.0000W
KS90A,45-00-00.0000N,126-00-00.0000W
KS90C,45-00-00.0000N,124-00-00.0000W
KS90E,45-00-00.0000N,122-00-00.0000W
KS90G,45-00-00.0000N,120-00-00.0000W
KT12M,32-00-00.0000N,088-00-00.0000W
KT12O,32-00-00.0000N,086-00-00.0000W
KT12Q,32-00-00.0000N,084-00-00.0000W
KT15M,32-30-00.0000N,088-00-00.0000W
KT15O,32-30-00.0000N,086-00-00.0000W
KT15Q,32-30-00.0000N,084-00-00.0000W
KT15S,32-30-00.0000N,082-00-00.0000W
KT18O,33-00-00.0000N,086-00-00.0000W
KT18Q,33-00-00.0000N,084-00-00.0000W
KT18S,33-00-00.0000N,082-00-00.0000W
KT21O,33-30-00.0000N,086-00-00.0000W
KT21Q,33-30-00.0000N,084-00-00.0000W
KT21S,33-30-00.0000N,082-00-00.0000W
KT24O,34-00-00.0000N,086-00-00.0000W
KT24Q,34-00-00.0000N,084-00-00.0000W
KT24S,34-00-00.0000N,082-00-00.0000W
KT27O,34-30-00.0000N,086-00-00.0000W
KT27Q,34-30-00.0000N,084-00-00.0000W
KT27S,34-30-00.0000N,082-00-00.0000W
KT30O,35-00-00.0000N,086-00-00.0000W
KT30Q,35-00-00.0000N,084-00-00.0000W
KT30S,35-00-00.0000N,082-00-00.0000W
KT33O,35-30-00.0000N,086-00-00.0000W
KT33Q,35-30-00.0000N,084-00-00.0000W
KT33S,35-30-00.0000N,082-00-00.0000W
KT33U,35-30-00.0000N,080-00-00.0000W
KT36Q,36-00-00.0000N,084-00-00.0000W
KT36S,36-00-00.0000N,082-00-00.0000W
KT36U,36-00-00.0000N,080-00-00.0000W
KT39Q,36-30-00.0000N,084-00-00.0000W
KT39S,36-30-00.0000N,082-00-00.0000W
KT42S,37-00-00.0000N,082-00-00.0000W
KU03M,45-30-00.0000N,114-00-00.0000W
KU03O,45-30-00.0000N,112-00-00.0000W
KU03Q,45-30-00.0000N,110-00-00.0000W
KU03S,45-30-00.0000N,108-00-00.0000W
KU03U,45-30-00.0000N,106-00-00.0000W
KU03W,45-30-00.0000N,104-00-00.0000W
KU06M,46-00-00.0000N,114-00-00.0000W
KU06O,46-00-00.0000N,112-00-00.0000W
KU06Q,46-00-00.0000N,110-00-00.0000W
KU06S,46-00-00.0000N,108-00-00.0000W
KU06U,46-00-00.0000N,106-00-00.0000W
KU06W,46-00-00.0000N,104-00-00.0000W
KU09M,46-30-00.0000N,114-00-00.0000W
KU09O,46-30-00.0000N,112-00-00.0000W
KU09Q,46-30-00.0000N,110-00-00.0000W
KU09S,46-30-00.0000N,108-00-00.0000W
KU09U,46-30-00.0000N,106-00-00.0000W
KU09W,46-30-00.0000N,104-00-00.0000W
KU12M,47-00-00.0000N,114-00-00.0000W
KU12O,47-00-00.0000N,112-00-00.0000W
KU12Q,47-00-00.0000N,110-00-00.0000W
KU12S,47-00-00.0000N,108-00-00.0000W
KU12U,47-00-00.0000N,106-00-00.0000W
KU12W,47-00-00.0000N,104-00-00.0000W
KU15M,47-30-00.0000N,114-00-00.0000W
KU15O,47-30-00.0000N,112-00-00.0000W
KU15Q,47-30-00.0000N,110-00-00.0000W
KU15S,47-30-00.0000N,108-00-00.0000W
KU15U,47-30-00.0000N,106-00-00.0000W
KU15W,47-30-00.0000N,104-00-00.0000W
KU18M,48-00-00.0000N,114-00-00.0000W
KU18O,48-00-00.0000N,112-00-00.0000W
KU18Q,48-00-00.0000N,110-00-00.0000W
KU18S,48-00-00.0000N,108-00-00.0000W
KU18U,48-00-00.0000N,106-00-00.0000W
KU18W,48-00-00.0000N,104-00-00.0000W
KU21M,48-30-00.0000N,114-00-00.0000W
KU21O,48-30-00.0000N,112-00-00.0000W
KU21Q,48-30-00.0000N,110-00-00.0000W
KU21S,48-30-00.0000N,108-00-00.0000W
KU21U,48-30-00.0000N,106-00-00.0000W
KU21W,48-30-00.0000N,104-00-00.0000W
KU45O,37-30-00.0000N,112-00-00.0000W
KU48K,38-00-00.0000N,116-00-00.0000W
KU48M,38-00-00.0000N,114-00-00.0000W
KU48O,38-00-00.0000N,112-00-00.0000W
KU51K,38-30-00.0000N,116-00-00.0000W
KU51M,38-30-00.0000N,114-00-00.0000W
KU51O,38-30-00.0000N,112-00-00.0000W
KU51Q,38-30-00.0000N,110-00-00.0000W
KU54K,39-00-00.0000N,116-00-00.0000W
KU54M,39-00-00.0000N,114-00-00.0000W
KU54O,39-00-00.0000N,112-00-00.0000W
KU54Q,39-00-00.0000N,110-00-00.0000W
KU57K,39-30-00.0000N,116-00-00.0000W
KU57M,39-30-00.0000N,114-00-00.0000W
KU57O,39-30-00.0000N,112-00-00.0000W
KU60K,40-00-00.0000N,116-00-00.0000W
KU60M,40-00-00.0000N,114-00-00.0000W
KU60O,40-00-00.0000N,112-00-00.0000W
KU60Q,40-00-00.0000N,110-00-00.0000W
KU63I,40-30-00.0000N,118-00-00.0000W
KU63K,40-30-00.0000N,116-00-00.0000W
KU63M,40-30-00.0000N,114-00-00.0000W
KU63O,40-30-00.0000N,112-00-00.0000W
KU63Q,40-30-00.0000N,110-00-00.0000W
KU66I,41-00-00.0000N,118-00-00.0000W
KU66K,41-00-00.0000N,116-00-00.0000W
KU66M,41-00-00.0000N,114-00-00.0000W
KU66O,41-00-00.0000N,112-00-00.0000W
KU66Q,41-00-00.0000N,110-00-00.0000W
KU69I,41-30-00.0000N,118-00-00.0000W
KU69K,41-30-00.0000N,116-00-00.0000W
KU69M,41-30-00.0000N,114-00-00.0000W
KU69O,41-30-00.0000N,112-00-00.0000W
KU69Q,41-30-00.0000N,110-00-00.0000W
KU72I,42-00-00.0000N,118-00-00.0000W
KU72K,42-00-00.0000N,116-00-00.0000W
KU72M,42-00-00.0000N,114-00-00.0000W
KU72O,42-00-00.0000N,112-00-00.0000W
KU72Q,42-00-00.0000N,110-00-00.0000W
KU72S,42-00-00.0000N,108-00-00.0000W
KU75I,42-30-00.0000N,118-00-00.0000W
KU75K,42-30-00.0000N,116-00-00.0000W
KU75M,42-30-00.0000N,114-00-00.0000W
KU75O,42-30-00.0000N,112-00-00.0000W
KU75Q,42-30-00.0000N,110-00-00.0000W
KU75S,42-30-00.0000N,108-00-00.0000W
KU78I,43-00-00.0000N,118-00-00.0000W
KU78K,43-00-00.0000N,116-00-00.0000W
KU78M,43-00-00.0000N,114-00-00.0000W
KU78O,43-00-00.0000N,112-00-00.0000W
KU78Q,43-00-00.0000N,110-00-00.0000W
KU78S,43-00-00.0000N,108-00-00.0000W
KU81I,43-30-00.0000N,118-00-00.0000W
KU81K,43-30-00.0000N,116-00-00.0000W
KU81M,43-30-00.0000N,114-00-00.0000W
KU81O,43-30-00.0000N,112-00-00.0000W
KU81Q,43-30-00.0000N,110-00-00.0000W
KU81S,43-30-00.0000N,108-00-00.0000W
KU84I,44-00-00.0000N,118-00-00.0000W
KU84K,44-00-00.0000N,116-00-00.0000W
KU84M,44-00-00.0000N,114-00-00.0000W
KU84O,44-00-00.0000N,112-00-00.0000W
KU84Q,44-00-00.0000N,110-00-00.0000W
KU84S,44-00-00.0000N,108-00-00.0000W
KU87I,44-30-00.0000N,118-00-00.0000W
KU87K,44-30-00.0000N,116-00-00.0000W
KU87M,44-30-00.0000N,114-00-00.0000W
KU87O,44-30-00.0000N,112-00-00.0000W
KU87Q,44-30-00.0000N,110-00-00.0000W
KU87S,44-30-00.0000N,108-00-00.0000W
KU90I,45-00-00.0000N,118-00-00.0000W
KU90K,45-00-00.0000N,116-00-00.0000W
KU90M,45-00-00.0000N,114-00-00.0000W
KU90O,45-00-00.0000N,112-00-00.0000W
KU90Q,45-00-00.0000N,110-00-00.0000W
KU90S,45-00-00.0000N,108-00-00.0000W
KW18Y,33-00-00.0000N,076-00-00.0000W
KW21Y,33-30-00.0000N,076-00-00.0000W
KW24W,34-00-00.0000N,078-00-00.0000W
KW24Y,34-00-00.0000N,076-00-00.0000W
KW27A,34-30-00.0000N,074-00-00.0000W
KW27W,34-30-00.0000N,078-00-00.0000W
KW27Y,34-30-00.0000N,076-00-00.0000W
KW30A,35-00-00.0000N,074-00-00.0000W
KW30U,35-00-00.0000N,080-00-00.0000W
KW30W,35-00-00.0000N,078-00-00.0000W
KW30Y,35-00-00.0000N,076-00-00.0000W
KW33A,35-30-00.0000N,074-00-00.0000W
KW33W,35-30-00.0000N,078-00-00.0000W
KW33Y,35-30-00.0000N,076-00-00.0000W
KW36A,36-00-00.0000N,074-00-00.0000W
KW36W,36-00-00.0000N,078-00-00.0000W
KW36Y,36-00-00.0000N,076-00-00.0000W
KW39A,36-30-00.0000N,074-00-00.0000W
KW39U,36-30-00.0000N,080-00-00.0000W
KW39W,36-30-00.0000N,078-00-00.0000W
KW39Y,36-30-00.0000N,076-00-00.0000W
KW42A,37-00-00.0000N,074-00-00.0000W
KW42U,37-00-00.0000N,080-00-00.0000W
KW42W,37-00-00.0000N,078-00-00.0000W
KW42Y,37-00-00.0000N,076-00-00.0000W
KW45A,37-30-00.0000N,074-00-00.0000W
KW45U,37-30-00.0000N,080-00-00.0000W
KW45W,37-30-00.0000N,078-00-00.0000W
KW45Y,37-30-00.0000N,076-00-00.0000W
KW48U,38-00-00.0000N,080-00-00.0000W
KW48W,38-00-00.0000N,078-00-00.0000W
KW48Y,38-00-00.0000N,076-00-00.0000W
KW51U,38-30-00.0000N,080-00-00.0000W
KW51W,38-30-00.0000N,078-00-00.0000W
KW51Y,38-30-00.0000N,076-00-00.0000W
KW54A,39-00-00.0000N,074-00-00.0000W
KW54U,39-00-00.0000N,080-00-00.0000W
KW54W,39-00-00.0000N,078-00-00.0000W
KW54Y,39-00-00.0000N,076-00-00.0000W
KW57A,39-30-00.0000N,074-00-00.0000W
KW57W,39-30-00.0000N,078-00-00.0000W
KW57Y,39-30-00.0000N,076-00-00.0000W
KW60A,40-00-00.0000N,074-00-00.0000W